race_key,date,track,race_number,race_name,race_type,distance,runners_count,prize_euros,horse_number,horse_name,horse_description,favorites_rank,form_rank,class_rank,progress_rank,regularity_rank,ranking_average,ranking_presence,finish_position,won,top3,top5,placed,source_program,source_result
2026-09-05|PARIS-VINCENNES|4,2026-09-05,PARIS-VINCENNES,4,PRIX DU MONT SAINT MICHEL,ATTELE,2700,14,68000.0,3,JIPET DE CREPIN,"Après un échec sur l'herbe de Carentan, ce pensionnaire de Sébastien Ernault s'est imposé en force sur l'hippodrome d'Enghien dans un lot de qualité. Il évolue en retard de gains et il est tout simplement invaincu à Vincennes en 2026. Sauf incident, il ne devrait pas taper loin.",1,1,,4,,2.0,3,2,0,1,1,1,program_20260909_fe1f366bd8_fbd6793ee1.txt,
2026-09-05|PARIS-VINCENNES|4,2026-09-05,PARIS-VINCENNES,4,PRIX DU MONT SAINT MICHEL,ATTELE,2700,14,68000.0,10,JIZOU D'ETANG,"Depuis le début du mois de mars, ce représentant de l'élevage de l'Etang alterne les disqualifications et les victoires acquises avec facilité. Il est assurément en retard de gains et David Thomain l'a déjà mené au succès. S'il reste sage d'un bout à l'autre du parcours, il s'annonce compétitif pour les premières places.",2,5,1,,,2.6667,3,1,1,1,1,1,program_20260909_fe1f366bd8_fbd6793ee1.txt,
2026-09-05|PARIS-VINCENNES|4,2026-09-05,PARIS-VINCENNES,4,PRIX DU MONT SAINT MICHEL,ATTELE,2700,14,68000.0,13,GAMIN DES ISLES,"Deuxième du Quinté+ du 9 juillet, en dominant notamment JACOMO BELLO (14), ce concurrent de Stéphane Bourlier a enchaîné avec des performances intéressantes et notamment une plaisante fin de course à Laval le mois dernier. Il semble beaucoup se plaire à Vincennes et fait face à un engagement intéressant au plafond des gains sans les étrangers. Dans le coup !",6,4,3,,,4.3333,3,3,0,1,1,1,program_20260909_fe1f366bd8_fbd6793ee1.txt,
2026-09-07|CRAON|1,2026-09-07,CRAON,1,PRIX V AND B - ATTELE,ATTELE,2775,16,80000.0,7,HECTOR DE BASSIERE,"Surprenant dauphin de JUST DE L'OISON (13), alors qu'ils s'élançaient au même poteau, cet élève de Pierre-Louis Desaunette n'a toutefois jamais pu confirmer lors de ses sorties suivantes. Il a même été dominé par plusieurs de ses rivaux à Agon-Coutainville et à Montignac. Il va retrouver Antonin André, avec qui il s'est imposé. Comme d'autres, il peut se placer.",,,,4,,4.0,1,3,0,1,1,1,program_20260909_49316c96b0_81ec76e5a1.txt,
2026-09-07|CRAON|1,2026-09-07,CRAON,1,PRIX V AND B - ATTELE,ATTELE,2775,16,80000.0,13,JUST DE L'OISON,"Irréprochable depuis plusieurs mois, ce fils de Quaro s'est plaisamment imposé au niveau Groupe 3 en août. Plus tôt dans l'année, il a remporté les étapes d'Ecommoy, du Touquet et de Bernay et ne devrait donc pas être dérangé par un retour sur l'herbe. Deuxième tout près de KING OPERA (14) au classement général, il pourrait bien faire coup double dans cette finale.",1,2,,,1,1.3333,3,1,1,1,1,1,program_20260909_49316c96b0_81ec76e5a1.txt,
2026-09-07|CRAON|1,2026-09-07,CRAON,1,PRIX V AND B - ATTELE,ATTELE,2775,16,80000.0,16,IDEAL DU ROCHER,"Largement dominé à Bernay, ce concurrent de Charley Mottier a depuis remis les pendules à l'heure en s'imposant en force à La Gacilly, dominant notamment KING OPERA (14). Ce cheval dur à l'effort bénéficie d'un bel engagement au plafond des gains et va tenter de confirmer sa récente victoire. Dans le coup !",2,3,,,5,3.3333,3,2,0,1,1,1,program_20260909_49316c96b0_81ec76e5a1.txt,
2026-09-08|AUTEUIL|1,2026-09-08,AUTEUIL,1,PRIX JEAN BART - HAIES,PLAT,3600,16,98000.0,8,WEBCAM,"Bonne deuxième d'un handicap bien composé le 26 mai, sur ce parcours, cette élève de Dominique Bressou effectuera ici une nouvelle rentrée. Elle a la pointure d'un tel lot en valeur pure, reste à savoir si elle sera suffisamment affûtée pour performer d'emblée. Du pour et du contre.",,,,,4,4.0,1,1,1,1,1,1,program_20260909_b266c2b0a3_ae0b0ea500.txt,
2026-09-08|AUTEUIL|1,2026-09-08,AUTEUIL,1,PRIX JEAN BART - HAIES,PLAT,3600,16,98000.0,9,MR DIAFOIRUS,"Après une honorable carrière en plat sous la houlette d'André Fabre, il a réussi sa reconversion sur les haies (trois succès). Néanmoins, il a échoué lors de ses deux essais à Auteuil et doit composer avec une pénalisation de trois kilos. Il y a mieux.",,,,,,,0,3,0,1,1,1,program_20260909_b266c2b0a3_ae0b0ea500.txt,
2026-09-08|AUTEUIL|1,2026-09-08,AUTEUIL,1,PRIX JEAN BART - HAIES,PLAT,3600,16,98000.0,14,KEL STORY,"Depuis ses deux succès du mois de décembre à Cagnes-sur-Mer, il accumule les déceptions. Cela dit, il n'a pas démérité dans la course clé du 17 août à Clairefontaine (7e) et reste capable de coups d'éclat à ce niveau. Avis aux amateurs de sensations fortes.",,,,,,,0,2,0,1,1,1,program_20260909_b266c2b0a3_ae0b0ea500.txt,
2026-09-10|PARISLONGCHAMP|1,2026-09-10,PARISLONGCHAMP,1,PRIX CARRUS,PLAT,1400,16,50900.0,3,ALEM,"Troisième d'un Quinté+ similaire le 7 juin, sur ce parcours, ce hongre de 4 ans a montré sa compétitivité à cette valeur. Il n'a pas apprécié la piste collante en dernier lieu à Deauville et sera bien plus à l'aise ici, en bon terrain. À racheter absolument.",1,1,,,,1.0,2,1,1,1,1,1,program_20260909_f3c5353885_d0b3f4e0c3.txt,
2026-09-10|PARISLONGCHAMP|1,2026-09-10,PARISLONGCHAMP,1,PRIX CARRUS,PLAT,1400,16,50900.0,9,ELIMAN,"Après onze mois d'absence, il a signé une rentrée victorieuse à Vichy, dans une Classe 3 de bon aloi. Il a certes échoué lors de son seul essai dans un gros handicap, mais il évoluait alors sur une distance trop longue pour ses aptitudes. S'il s'adapte au ""toboggan"", il peut frapper fort.",2,4,1,,,2.3333,3,2,0,1,1,1,program_20260909_f3c5353885_d0b3f4e0c3.txt,
2026-09-10|PARISLONGCHAMP|1,2026-09-10,PARISLONGCHAMP,1,PRIX CARRUS,PLAT,1400,16,50900.0,13,OMICRONE,"Prise en valeur 43,5 à son apogée, elle vient d'afficher un regain de forme face aux seules femelles (5e), après une longue traversée du désert. Elle apprécie ce parcours et a désormais retrouvé une valeur convenable. Si la piste reste rapide, elle peut se mêler à la lutte pour les places.",7,,5,1,,4.3333,3,3,0,1,1,1,program_20260909_f3c5353885_d0b3f4e0c3.txt,
2026-09-11|PARIS-VINCENNES NOCTURNE|4,2026-09-11,PARIS-VINCENNES NOCTURNE,4,PRIX ALGORAH,ATTELE,2850,14,59000.0,5,JACKPOT MEARAS,"Lauréat en sujet déclassé le 6 juillet aux Sables, en devançant l'excellent Ruger, il a ensuite causé une petite déception à Saint-Malo (3e). Il possède de la tenue et devrait apprécier le profil exigeant de Vincennes. En retard de gains, il détient une première chance théorique.",3,4,,1,,2.6667,3,1,1,1,1,1,program_20260909_032388a005_df198c54a3.txt,
2026-09-11|PARIS-VINCENNES NOCTURNE|4,2026-09-11,PARIS-VINCENNES NOCTURNE,4,PRIX ALGORAH,ATTELE,2850,14,59000.0,8,INTREPIDE DES BOIS,"Ce pensionnaire de Philippe Daugeard court après un succès depuis un an. Il a montré sa forme cet été et semble tout proche de parvenir à ses fins. Le fait de revenir sur une longue distance, avec départ volté, ne le dérangera pas. Bref, tout semble réuni pour le voir jouer un bon rôle.",5,2,1,,,2.6667,3,2,0,1,1,1,program_20260909_032388a005_df198c54a3.txt,
2026-09-11|PARIS-VINCENNES NOCTURNE|4,2026-09-11,PARIS-VINCENNES NOCTURNE,4,PRIX ALGORAH,ATTELE,2850,14,59000.0,14,JAZZ DE PADD,"Idéalement engagé à seulement 45€ du plafond, alors qu'il fait partie des plus jeunes, ce protégé de Matthieu Abrivard a été soigneusement préparé pour ce rendez-vous. Notons qu'il s'est présenté pieds nus à huit reprises à Vincennes, pour deux succès et six places (100% dans les cinq premiers). Base solide.",1,1,3,,,1.6667,3,3,0,1,1,1,program_20260909_032388a005_df198c54a3.txt,
